{
    "$schema": "https://schema.management.azure.com/schemas/2015-01-01/deploymentTemplate.json#",
    "contentVersion": "1.0.0.0",
    "parameters": {
        "vmName": {
            "type": "string",
            "defaultValue": "vm-name"
        },
        "osDiskUri": {
            "type": "string",
            "defaultValue": "https://<account>.blob.core.windows.net/vhds/osdisk.vhd"
        },
        "dataDiskUri": {
            "type": "string",
            "defaultValue": "https://<account>.blob.core.windows.net/vhds/datadisk.vhd"
        },
        "vmSize": {
            "type": "string",
            "defaultValue": "Standard_D1_v2"
        },
        "existingVnetRGName": {
            "type": "string",
            "defaultValue": "vnet-resource-group-name"
        },
        "existingVnetName": {
            "type": "string",
            "defaultValue": "vnet-name"
        },
        "existingSubnetName": {
            "type": "string",
            "defaultValue": "subnet-name"
        }
    },
    "variables": {
        "nicSubnetUri": "[resourceId(parameters('existingVnetRGName'),'Microsoft.Network/virtualNetworks/subnets',parameters('existingVnetName'),parameters('existingSubnetName'))]"
    },
    "resources": [
        {
            "name": "[concat(parameters('vmName'), '-nic')]",
            "type": "Microsoft.Network/networkInterfaces",
            "location": "[resourceGroup().location]",
            "apiVersion": "2015-06-15",
            "properties": {
                "ipConfigurations": [
                    {
                        "name": "ipconfig1",
                        "properties": {
                            "privateIPAllocationMethod": "Dynamic",
                            "subnet": {
                                "id": "[variables('nicSubnetUri')]"
                            }
                        }
                    }
                ]
            }
        },
        {
            "type": "Microsoft.Compute/virtualMachines",
            "apiVersion": "2015-06-15",
            "location": "[resourceGroup().location]",
            "name": "[parameters('vmName')]",
            "dependsOn": [
                "[concat(parameters('vmName'), '-nic')]"
            ],
            "properties": {
                "hardwareProfile": {
                    "vmSize": "[parameters('vmSize')]"
                },
                "storageProfile": {
                    "osDisk": {
                        "name": "osdisk",
                        "osType": "Windows",
                        "vhd": {
                            "uri": "[parameters('osDiskUri')]"
                        },
                        "caching": "ReadWrite",
                        "createOption": "Attach"
                    },
                    "dataDisks": [
                        {
                            "name": "datadisk",
                            "lun": 0,
                            "vhd": {
                                "uri": "[parameters('dataDiskUri')]"
                            },
                            "caching": "None",
                            "createOption": "Attach"
                        }
                    ]
                },
                "networkProfile": {
                    "networkInterfaces": [
                        {
                            "id": "[resourceId('Microsoft.Network/networkInterfaces',concat(parameters('vmName'),'-nic'))]"
                        }
                    ]
                }
            }
        }
    ],
    "outputs": {
        "vmName": {
            "type": "string",
            "value": "[parameters('vmName')]"
        }
    }
}