﻿<?xml version="1.0" encoding="utf-8"?>
<Settings>
  <Sitecore>
    <IdentityServer>
      <!-- Example of certificate thumbprint value: 5538928359D8C0D05A7CBF20ABD7608AE041E106 -->
      <CertificateThumbprint></CertificateThumbprint>
      <CertificateStoreLocation>LocalMachine</CertificateStoreLocation>
      <CertificateStoreName>My</CertificateStoreName>

      <SecurityHeaders>
        <!-- https://developer.mozilla.org/en-US/docs/Web/HTTP/Headers/Content-Security-Policy
             Tokens like {AllowedCorsOrigin:<ClientId>} are replaced with a space separated values of 'RedirectUris' node of the corresponding client. -->
        <ContentSecurityPolicy>default-src 'self'; object-src 'none'; style-src 'self' https://fonts.googleapis.com; font-src 'self' https://fonts.gstatic.com; frame-ancestors {AllowedCorsOrigin:Sitecore}; sandbox allow-forms allow-same-origin allow-scripts; base-uri 'self'; upgrade-insecure-requests;</ContentSecurityPolicy>
      </SecurityHeaders>

      <Authentication>
        <!-- Sets the identity server cookie lifetime -->
        <CookieLifetime>0.00:30:00</CookieLifetime>
        <!-- Specified if the cookie should be sliding or not -->
        <CookieSlidingExpiration>true</CookieSlidingExpiration>
        <!-- If set, will require frame-src CSP headers being emitting on the end session callback endpoint which renders iframes to clients for front-channel signout notification -->
        <RequireCspFrameSrcForSignout>true</RequireCspFrameSrcForSignout>
      </Authentication>

      <SitecoreMembershipOptions>
        <ConnectionString></ConnectionString>
        <ApplicationName>sitecore</ApplicationName>
        <UseRoleProviderSource>true</UseRoleProviderSource>
        <MaxInvalidPasswordAttempts>5</MaxInvalidPasswordAttempts>
        <PasswordAttemptWindow>10</PasswordAttemptWindow>

        <!-- Supported algorithms: SHA1, SHA256, SHA384, SHA512, HMACSHA1, HMACSHA256, HMACSHA384, HMACSHA512. -->
        <PasswordHashAlgorithm>SHA1</PasswordHashAlgorithm>

        <!-- Interval (in seconds) between attempts to remove obsolete grants from the database (e.g. issued refresh tokens) -->
        <TokenCleanupInterval>3600</TokenCleanupInterval>
      </SitecoreMembershipOptions>

      <IdentityResources>
        <SitecoreIdentityResource>
          <Name>sitecore.profile</Name>
          <UserClaims>
            <UserClaim1>name</UserClaim1>
            <UserClaim2>email</UserClaim2>
            <UserClaim3>role</UserClaim3>
            <UserClaim4>http://www.sitecore.net/identity/claims/isAdmin</UserClaim4>
            <UserClaim5>http://www.sitecore.net/identity/claims/originalIssuer</UserClaim5>
          </UserClaims>
          <Required>true</Required>
        </SitecoreIdentityResource>
      </IdentityResources>

      <ApiResources>
        <SitecoreApiResource>
          <Name>sitecore.profile.api</Name>
          <DisplayName>Sitecore API</DisplayName>
          <ApiSecrets>
          </ApiSecrets>
          <UserClaims>
            <UserClaim1>name</UserClaim1>
            <UserClaim2>email</UserClaim2>
            <UserClaim3>role</UserClaim3>
            <UserClaim4>http://www.sitecore.net/identity/claims/isAdmin</UserClaim4>
            <UserClaim5>http://www.sitecore.net/identity/claims/originalIssuer</UserClaim5>
          </UserClaims>
        </SitecoreApiResource>
      </ApiResources>

      <AccountOptions>
        <AllowLocalLogin>true</AllowLocalLogin>
        <AllowRememberLogin>true</AllowRememberLogin>
        <RememberMeLoginDuration>30.00:00:00</RememberMeLoginDuration>
        <ShowLogoutPrompt>false</ShowLogoutPrompt>
        <AutomaticRedirectAfterSignOut>true</AutomaticRedirectAfterSignOut>
        <DefaultAccountPrefix>sitecore\</DefaultAccountPrefix>
        <AllowPasswordRecovery>true</AllowPasswordRecovery>
        <PasswordRecoveryUrl></PasswordRecoveryUrl>
      </AccountOptions>

      <ConsentOptions>
        <EnableOfflineAccess>true</EnableOfflineAccess>
      </ConsentOptions>

      <Clients>
        <DefaultClient>
          <ClientId>Sitecore</ClientId>
          <ClientName>Sitecore</ClientName>
          <AccessTokenType>0</AccessTokenType>
          <AllowOfflineAccess>true</AllowOfflineAccess>
          <AlwaysIncludeUserClaimsInIdToken>false</AlwaysIncludeUserClaimsInIdToken>
          <AccessTokenLifetimeInSeconds>3600</AccessTokenLifetimeInSeconds>
          <IdentityTokenLifetimeInSeconds>3600</IdentityTokenLifetimeInSeconds>
          <AllowAccessTokensViaBrowser>true</AllowAccessTokensViaBrowser>
          <RequireConsent>false</RequireConsent>
          <RequireClientSecret>false</RequireClientSecret>
          <AllowedGrantTypes>
            <AllowedGrantType1>hybrid</AllowedGrantType1>
            <AllowedGrantType2>client_credentials</AllowedGrantType2>
          </AllowedGrantTypes>
          <RedirectUris>
            <RedirectUri1>{AllowedCorsOrigin}/identity/signin</RedirectUri1>
            <RedirectUri2>{AllowedCorsOrigin}/signin-oidc</RedirectUri2>
          </RedirectUris>
          <PostLogoutRedirectUris>
            <PostLogoutRedirectUri1>{AllowedCorsOrigin}/identity/postexternallogout</PostLogoutRedirectUri1>
            <PostLogoutRedirectUri2>{AllowedCorsOrigin}/signout-callback-oidc</PostLogoutRedirectUri2>
          </PostLogoutRedirectUris>
          <AllowedCorsOrigins>
          </AllowedCorsOrigins>
          <FrontChannelLogoutUris>
            <DefaultFrontChannelLogoutUri>{AllowedCorsOrigin}/sitecore/shell/FrontChannelLogout</DefaultFrontChannelLogoutUri>
          </FrontChannelLogoutUris>
          <FrontChannelLogoutSessionRequired>true</FrontChannelLogoutSessionRequired>
          <AllowedScopes>
            <AllowedScope1>openid</AllowedScope1>
            <AllowedScope2>sitecore.profile</AllowedScope2>
            <AllowedScope3>sitecore.profile.api</AllowedScope3>
          </AllowedScopes>
          <UpdateAccessTokenClaimsOnRefresh>true</UpdateAccessTokenClaimsOnRefresh>
        </DefaultClient>
        <PasswordClient>
          <ClientId>SitecorePassword</ClientId>
          <ClientName>SitecorePassword</ClientName>
          <AccessTokenType>0</AccessTokenType>
          <AllowOfflineAccess>true</AllowOfflineAccess>
          <AlwaysIncludeUserClaimsInIdToken>false</AlwaysIncludeUserClaimsInIdToken>
          <AccessTokenLifetimeInSeconds>3600</AccessTokenLifetimeInSeconds>
          <IdentityTokenLifetimeInSeconds>3600</IdentityTokenLifetimeInSeconds>
          <AllowAccessTokensViaBrowser>true</AllowAccessTokensViaBrowser>
          <RequireConsent>false</RequireConsent>
          <RequireClientSecret>true</RequireClientSecret>
          <AllowedGrantTypes>
            <AllowedGrantType1>password</AllowedGrantType1>
          </AllowedGrantTypes>
          <AllowedCorsOrigins>
          </AllowedCorsOrigins>
          <AllowedScopes>
            <AllowedScope1>openid</AllowedScope1>
            <AllowedScope2>sitecore.profile</AllowedScope2>
            <AllowedScope3>sitecore.profile.api</AllowedScope3>
          </AllowedScopes>
          <ClientSecrets>
          </ClientSecrets>
          <UpdateAccessTokenClaimsOnRefresh>true</UpdateAccessTokenClaimsOnRefresh>
        </PasswordClient>
      </Clients>
    </IdentityServer>

    <ExternalIdentityProviders>
      <IdentityProviders>
        <IdentityServer type="Sitecore.Plugin.IdentityProviders.IdentityProvider, Sitecore.Plugin.IdentityProviders">
          <AuthenticationScheme>idsvr</AuthenticationScheme>
          <DisplayName>Identity Server</DisplayName>
        </IdentityServer>
      </IdentityProviders>
    </ExternalIdentityProviders>

  </Sitecore>
</Settings>
