<?xml version="1.0"?>
<doc>
    <assembly>
        <name>Sitecore.Framework.Localization</name>
    </assembly>
    <members>
        <member name="M:Sitecore.Framework.Localization.ServiceCollectionExtensions.AddSitecoreLocalization(Microsoft.Extensions.DependencyInjection.IServiceCollection)">
            <summary>
            Registers the services to enable localization using Portable Object files.
            </summary>
            <param name="services">The <see cref="T:Microsoft.Extensions.DependencyInjection.IServiceCollection"/>.</param>
        </member>
        <member name="M:Sitecore.Framework.Localization.ServiceCollectionExtensions.AddSitecoreLocalization(Microsoft.Extensions.DependencyInjection.IServiceCollection,System.Action{Microsoft.Extensions.Localization.LocalizationOptions})">
            <summary>
            Registers the services to enable localization using Portable Object files.
            </summary>
            <param name="services">The <see cref="T:Microsoft.Extensions.DependencyInjection.IServiceCollection"/>.</param>
            <param name="setupAction">An action to configure the Microsoft.Extensions.Localization.LocalizationOptions.</param>
        </member>
    </members>
</doc>
