﻿<?xml version="1.0" encoding="utf-8"?>
<Settings>
  <Sitecore>
    <ExternalIdentityProviders>
      <IdentityProviders>
        <AzureAd type="Sitecore.Plugin.IdentityProviders.IdentityProvider, Sitecore.Plugin.IdentityProviders">
          <AuthenticationScheme>IdS4-AzureAd</AuthenticationScheme>
          <DisplayName>Azure AD</DisplayName>
          <Enabled>false</Enabled>
          <ClientId>{Place ClientId here}</ClientId>
          <TenantId>{Place TenantId here}</TenantId>
          <MetadataAddress></MetadataAddress>
          <ClaimsTransformations>
            <!--Place transformation rules here. -->
            <ClaimsTransformation1 type="Sitecore.Plugin.IdentityProviders.DefaultClaimsTransformation, Sitecore.Plugin.IdentityProviders">
              <SourceClaims>
                <Claim1 type="http://schemas.xmlsoap.org/ws/2005/05/identity/claims/upn" />
              </SourceClaims>
              <NewClaims>
                <Claim1 type="email" />
              </NewClaims>
            </ClaimsTransformation1 >
            <ClaimsTransformation2 type="Sitecore.Plugin.IdentityProviders.DefaultClaimsTransformation, Sitecore.Plugin.IdentityProviders">
              <SourceClaims>
                <Claim1 type="http://schemas.xmlsoap.org/ws/2005/05/identity/claims/emailaddress" />
              </SourceClaims>
              <NewClaims>
                <Claim1 type="email" />
              </NewClaims>
            </ClaimsTransformation2>
            <!--Transformation samples-->
            <!--AzureAD user group to Sitecore role transformation.-->
            <!--<AzureGroupTransformation type="Sitecore.Plugin.IdentityProviders.DefaultClaimsTransformation, Sitecore.Plugin.IdentityProviders">
              <SourceClaims>
                <Claim1 type="groups" value="90e5a2e5-4e3f-4f25-8beb-1238052fda8e" />
              </SourceClaims>
              <NewClaims>
                <Claim1 type="role" value="sitecore\Author" />
              </NewClaims>
            </AzureGroupTransformation>-->
            <!--AzureAD user in specific group to Sitecore admin user transformation-->
            <!--<AzureADUserToAdminUser type="Sitecore.Plugin.IdentityProviders.DefaultClaimsTransformation, Sitecore.Plugin.IdentityProviders">
              <SourceClaims>
                <Claim1 type="groups" value="a9bb60b6-40d2-4e2a-88b8-0e47ee2d078e" />
              </SourceClaims>
              <NewClaims>
                <Claim1 type="http://www.sitecore.net/identity/claims/isAdmin" value="true"/>
              </NewClaims>
            </AzureADUserToAdminUser>-->
          </ClaimsTransformations>
        </AzureAd>
      </IdentityProviders>
    </ExternalIdentityProviders>
  </Sitecore>
</Settings>
