﻿<?xml version="1.0" encoding="utf-8"?>
<Settings>
  <Sitecore>
    <ExternalIdentityProviders>
      <IdentityProviders>
        <AzureAd type="Sitecore.Plugin.IdentityProviders.IdentityProvider, Sitecore.Plugin.IdentityProviders">
          <AuthenticationScheme>IdS4-AzureAd</AuthenticationScheme>
          <DisplayName>Azure AD</DisplayName>
          <Enabled>false</Enabled>
          <ClientId>{Place ClientId here}</ClientId>
          <TenantId>{Place TenantId here}</TenantId>
          <MetadataAddress></MetadataAddress>
          <ClaimsTransformations>
            <!--Place transformation rules here. -->
            <ClaimsTransformation1 type="Sitecore.Plugin.IdentityProviders.DefaultClaimsTransformation, Sitecore.Plugin.IdentityProviders">
              <SourceClaims>
                <Claim1 type="http://schemas.xmlsoap.org/ws/2005/05/identity/claims/upn" />
              </SourceClaims>
              <NewClaims>
                <Claim1 type="email" />
              </NewClaims>
            </ClaimsTransformation1 >
            <ClaimsTransformation2 type="Sitecore.Plugin.IdentityProviders.DefaultClaimsTransformation, Sitecore.Plugin.IdentityProviders">
              <SourceClaims>
                <Claim1 type="http://schemas.xmlsoap.org/ws/2005/05/identity/claims/emailaddress" />
              </SourceClaims>
              <NewClaims>
                <Claim1 type="email" />
              </NewClaims>
            </ClaimsTransformation2>
          </ClaimsTransformations>
        </AzureAd>
      </IdentityProviders>
    </ExternalIdentityProviders>
  </Sitecore>
</Settings>
