<parameters>
    <parameter name="IIS Web Application Name" defaultValue="" tags="IisApp">
        <parameterEntry type="ProviderPath" scope="iisapp" match="WebSite" />
        <parameterEntry kind="ProviderPath" scope="setAcl" match="WebSite" />
    </parameter>
    <parameter name="Database Server Name"/>
    <parameter name="Core DB Name"/>
    <parameter name="Core DB User Name"/>
    <parameter name="Core DB User Password"/>

    <parameter name="AllowedCorsOrigins" description="Pipe-separated list of instances (URIs) that are allowed to login via Sitecore Identity.">
      <parameterEntry kind="TextFile" scope="website\\config\\production\\Sitecore.IdentityServer.Host\.xml" match="PlaceholderForClientOriginsGroup" />
    </parameter>
    <parameter name="ClientSecret" description="Client secret of PasswordClient section. It's a random string between 1 and 100 symbols long.">
      <parameterEntry kind="TextFile" scope="website\\config\\production\\Sitecore.IdentityServer.Host\.xml" match="PlaceholderForClientSecret" />
    </parameter>

    <parameter name="SitecoreConnectionString" tags="Hidden, SQLConnectionString, NoStore" description="Sitecore membership connection string." defaultValue="Data Source={Database Server Name};Initial Catalog={Core DB Name};User ID={Core DB User Name};Password={Core DB User Password}">
        <parameterEntry kind="TextFile" scope="website\\config\\production\\Sitecore.IdentityServer.Host\.xml" match="PlaceholderForConnectionString" />
    </parameter>

    <parameter name="PasswordRecoveryUrl" tags="Hidden, NoStore" description="Password recovery Url.">
        <parameterEntry kind="TextFile" scope="website\\config\\production\\Sitecore.IdentityServer.Host\.xml" match="PlaceholderForPasswordRecoveryUrl" />
    </parameter>    
    
    <parameter name="CertificateThumbprint" description="Certificate Thumbprint." defaultValue="">
        <parameterEntry kind="TextFile" scope="website\\config\\production\\Sitecore.IdentityServer.Host\.xml" match="PlaceholderForCertificateThumbprint" />
    </parameter>
    <parameter name="CertificateStoreLocation" description="Certificate Location." defaultValue="LocalMachine">
        <parameterEntry kind="TextFile" scope="website\\config\\production\\Sitecore.IdentityServer.Host\.xml" match="PlaceholderForCertificateStoreLocation" />
    </parameter>
    <parameter name="CertificateStoreName" description="Certificate Store Name." defaultValue="My">
        <parameterEntry kind="TextFile" scope="website\\config\\production\\Sitecore.IdentityServer.Host\.xml" match="PlaceholderForCertificateStoreName" />
    </parameter>

    <parameter name="License Xml" tags="Hidden,NoStore" description="Content of license.xml." defaultValue="">
        <parameterValidation kind="AllowEmpty" />
        <parameterEntry type="TextFile" scope= "sitecoreruntime\\license.xml" match="LicenseContent" />
    </parameter>
</parameters>